{
    "loss": 0.2293177843093872,
    "accuracy": 0.9482758641242981
}